{"cameraMode":{"drawMode":0,"name":"Shaded","section":"Shading Mode"},"sceneLighting":false,"audioPlay":false,"sceneViewState":{"m_AlwaysRefresh":false,"showFog":true,"showSkybox":true,"showFlares":true,"showImageEffects":true,"showParticleSystems":true,"showVisualEffectGraphs":true,"m_FxEnabled":true},"in2DMode":false,"pivot":{"x":-0.5579843521118164,"y":0.5349267721176148,"z":-0.5232590436935425},"rotation":{"x":0.021294888108968736,"y":0.8610860109329224,"z":-0.03618690371513367,"w":0.5067231059074402},"size":1.4660253524780274,"orthographic":false}